6A0020BE-6423-4595-AD95-FFECCF8C3394, 'Inception', 'Sci-Fi', 'Christopher Nolan'
5B9ECCF6-9CD9-460F-B15A-3962C932B23F, 'Inception', 'Sci-Fi', 'Christopher Nolan'
C1B23799-8EAA-41F2-86BD-D501A326881F, FilmeTest, GeneroTest, DiretorTest
5CF26046-DE2A-4135-B3B8-090676F55588,Filme2, Genero2, Diretor2
7E325EB6-9D55-4E35-88C9-B1D7DD2A6678,Action,Testa
E5674B41-4DE7-4E16-A983-BC3F2F344713, Titles, Genres, Directores 
2A9BB72F-1793-4743-8972-9D30DFE6F96C, Titles, Genres 
1C44EC75-8B82-487F-98A7-0EA5583D30BA, Titlesa 
AC5E31D4-5922-4C41-88A9-808FD7BD7457, Epa, Iha, Salvee 
"8D298313-3AB6-4B6D-8889-E2A7EF35EB60","Tdaf","adjfo","iadfj"
